position	ref_base	alt_base	depth	alt_count	heteroplasmy_fraction	A	C	G	T
1	A	C	10	0	0.0	10	0	0	0
2	A	C	10	0	0.0	10	0	0	0
3	A	C	10	0	0.0	10	0	0	0
4	A	C	10	0	0.0	10	0	0	0
5	A	C	10	0	0.0	10	0	0	0
6	A	C	10	0	0.0	10	0	0	0
7	A	C	10	0	0.0	10	0	0	0
8	A	C	10	0	0.0	10	0	0	0
9	A	C	10	0	0.0	10	0	0	0
10	A	C	10	3	0.3	7	3	0	0
11	A	C	10	0	0.0	10	0	0	0
12	A	C	10	0	0.0	10	0	0	0
13	A	C	10	0	0.0	10	0	0	0
14	A	C	10	0	0.0	10	0	0	0
15	A	C	10	0	0.0	10	0	0	0
16	A	C	10	0	0.0	10	0	0	0
17	A	C	10	0	0.0	10	0	0	0
18	A	C	10	0	0.0	10	0	0	0
19	A	C	10	0	0.0	10	0	0	0
20	A	C	10	0	0.0	10	0	0	0
21	A	C	0	0	0.0	0	0	0	0
22	A	C	0	0	0.0	0	0	0	0
23	A	C	0	0	0.0	0	0	0	0
24	A	C	0	0	0.0	0	0	0	0
25	A	C	0	0	0.0	0	0	0	0
26	A	C	0	0	0.0	0	0	0	0
27	A	C	0	0	0.0	0	0	0	0
28	A	C	0	0	0.0	0	0	0	0
29	A	C	0	0	0.0	0	0	0	0
30	A	C	0	0	0.0	0	0	0	0
31	A	C	0	0	0.0	0	0	0	0
32	A	C	0	0	0.0	0	0	0	0
33	A	C	0	0	0.0	0	0	0	0
34	A	C	0	0	0.0	0	0	0	0
35	A	C	0	0	0.0	0	0	0	0
36	A	C	0	0	0.0	0	0	0	0
37	A	C	0	0	0.0	0	0	0	0
38	A	C	0	0	0.0	0	0	0	0
39	A	C	0	0	0.0	0	0	0	0
40	A	C	0	0	0.0	0	0	0	0
41	A	C	0	0	0.0	0	0	0	0
42	A	C	0	0	0.0	0	0	0	0
43	A	C	0	0	0.0	0	0	0	0
44	A	C	0	0	0.0	0	0	0	0
45	A	C	0	0	0.0	0	0	0	0
46	A	C	0	0	0.0	0	0	0	0
47	A	C	0	0	0.0	0	0	0	0
48	A	C	0	0	0.0	0	0	0	0
49	A	C	0	0	0.0	0	0	0	0
50	A	C	0	0	0.0	0	0	0	0
51	A	C	0	0	0.0	0	0	0	0
52	A	C	0	0	0.0	0	0	0	0
53	A	C	0	0	0.0	0	0	0	0
54	A	C	0	0	0.0	0	0	0	0
55	A	C	0	0	0.0	0	0	0	0
56	A	C	0	0	0.0	0	0	0	0
57	A	C	0	0	0.0	0	0	0	0
58	A	C	0	0	0.0	0	0	0	0
59	A	C	0	0	0.0	0	0	0	0
60	A	C	0	0	0.0	0	0	0	0
