position	ref_base	alt_base	callable_depth	depth	alt_count	alt_allele_fraction	heteroplasmy_fraction	alt_forward	alt_reverse	A	C	G	T
1	A	.	10	10	0	0.0	0.0	0	0	10	0	0	0
2	A	.	10	10	0	0.0	0.0	0	0	10	0	0	0
3	A	.	10	10	0	0.0	0.0	0	0	10	0	0	0
4	A	.	10	10	0	0.0	0.0	0	0	10	0	0	0
5	A	.	10	10	0	0.0	0.0	0	0	10	0	0	0
6	A	.	10	10	0	0.0	0.0	0	0	10	0	0	0
7	A	.	10	10	0	0.0	0.0	0	0	10	0	0	0
8	A	.	10	10	0	0.0	0.0	0	0	10	0	0	0
9	A	.	10	10	0	0.0	0.0	0	0	10	0	0	0
10	A	C	10	10	3	0.3	0.3	3	0	7	3	0	0
11	A	.	10	10	0	0.0	0.0	0	0	10	0	0	0
12	A	.	10	10	0	0.0	0.0	0	0	10	0	0	0
13	A	.	10	10	0	0.0	0.0	0	0	10	0	0	0
14	A	.	10	10	0	0.0	0.0	0	0	10	0	0	0
15	A	.	10	10	0	0.0	0.0	0	0	10	0	0	0
16	A	.	10	10	0	0.0	0.0	0	0	10	0	0	0
17	A	.	10	10	0	0.0	0.0	0	0	10	0	0	0
18	A	.	10	10	0	0.0	0.0	0	0	10	0	0	0
19	A	.	10	10	0	0.0	0.0	0	0	10	0	0	0
20	A	.	10	10	0	0.0	0.0	0	0	10	0	0	0
21	A	.	0	0	0	NA	NA	0	0	0	0	0	0
22	A	.	0	0	0	NA	NA	0	0	0	0	0	0
23	A	.	0	0	0	NA	NA	0	0	0	0	0	0
24	A	.	0	0	0	NA	NA	0	0	0	0	0	0
25	A	.	0	0	0	NA	NA	0	0	0	0	0	0
26	A	.	0	0	0	NA	NA	0	0	0	0	0	0
27	A	.	0	0	0	NA	NA	0	0	0	0	0	0
28	A	.	0	0	0	NA	NA	0	0	0	0	0	0
29	A	.	0	0	0	NA	NA	0	0	0	0	0	0
30	A	.	0	0	0	NA	NA	0	0	0	0	0	0
31	A	.	0	0	0	NA	NA	0	0	0	0	0	0
32	A	.	0	0	0	NA	NA	0	0	0	0	0	0
33	A	.	0	0	0	NA	NA	0	0	0	0	0	0
34	A	.	0	0	0	NA	NA	0	0	0	0	0	0
35	A	.	0	0	0	NA	NA	0	0	0	0	0	0
36	A	.	0	0	0	NA	NA	0	0	0	0	0	0
37	A	.	0	0	0	NA	NA	0	0	0	0	0	0
38	A	.	0	0	0	NA	NA	0	0	0	0	0	0
39	A	.	0	0	0	NA	NA	0	0	0	0	0	0
40	A	.	0	0	0	NA	NA	0	0	0	0	0	0
41	A	.	0	0	0	NA	NA	0	0	0	0	0	0
42	A	.	0	0	0	NA	NA	0	0	0	0	0	0
43	A	.	0	0	0	NA	NA	0	0	0	0	0	0
44	A	.	0	0	0	NA	NA	0	0	0	0	0	0
45	A	.	0	0	0	NA	NA	0	0	0	0	0	0
46	A	.	0	0	0	NA	NA	0	0	0	0	0	0
47	A	.	0	0	0	NA	NA	0	0	0	0	0	0
48	A	.	0	0	0	NA	NA	0	0	0	0	0	0
49	A	.	0	0	0	NA	NA	0	0	0	0	0	0
50	A	.	0	0	0	NA	NA	0	0	0	0	0	0
51	A	.	0	0	0	NA	NA	0	0	0	0	0	0
52	A	.	0	0	0	NA	NA	0	0	0	0	0	0
53	A	.	0	0	0	NA	NA	0	0	0	0	0	0
54	A	.	0	0	0	NA	NA	0	0	0	0	0	0
55	A	.	0	0	0	NA	NA	0	0	0	0	0	0
56	A	.	0	0	0	NA	NA	0	0	0	0	0	0
57	A	.	0	0	0	NA	NA	0	0	0	0	0	0
58	A	.	0	0	0	NA	NA	0	0	0	0	0	0
59	A	.	0	0	0	NA	NA	0	0	0	0	0	0
60	A	.	0	0	0	NA	NA	0	0	0	0	0	0
